Pred Type,WMAPE,SMAPE,RMSE,MSE,MAE
pred_with_external_data,0.8002476563642036,0.966468296324788,0.0,30335.226499654826,125.32259676300924
pred_baseline,0.3545171228834617,0.5756488503025515,0.0,5171.268616628702,56.12261206383968
difference,0.4457305334807419,0.3908194460222366,0.0,25163.95788302612,69.19998469916956
